{
  "ax": {
    "mean": 0.6716863081654927,
    "std": 3.251813301855463,
    "min": -19.62,
    "max": 19.6194
  },
  "ay": {
    "mean": -7.010152277011607,
    "std": 4.836327690626411,
    "min": -19.62,
    "max": 19.6194
  },
  "az": {
    "mean": 0.29077443198730024,
    "std": 3.9782115310923825,
    "min": -19.62,
    "max": 19.6194
  },
  "gx": {
    "mean": -0.038166732810794725,
    "std": 1.0038717811158897,
    "min": -4.3657,
    "max": 4.3656
  },
  "gy": {
    "mean": -0.029872715547177308,
    "std": 1.0483737586304513,
    "min": -4.3657,
    "max": 4.3656
  },
  "gz": {
    "mean": -0.02184224625458875,
    "std": 0.8304064435763957,
    "min": -4.3657,
    "max": 4.3656
  }
}