{
  "ax": {
    "mean": 0.6528767971946231,
    "std": 0.24674709737635045,
    "min": 0.0,
    "max": 1.0
  },
  "ay": {
    "mean": 0.6628213909994155,
    "std": 0.11715202468240485,
    "min": 0.3055,
    "max": 1.0
  },
  "az": {
    "mean": 0.41089707773232026,
    "std": 0.25245343641691004,
    "min": 0.0,
    "max": 1.0
  },
  "gx": {
    "mean": 0.5049548801870252,
    "std": 0.3018873056424221,
    "min": 0.0,
    "max": 1.0
  },
  "gy": {
    "mean": 0.5012360607831677,
    "std": 0.21269796440359404,
    "min": 0.0,
    "max": 1.0
  },
  "gz": {
    "mean": 0.4851340736411455,
    "std": 0.30328357467676575,
    "min": 0.0,
    "max": 1.0
  }
}